<application>
  <component name="com.intellij.ide.ui.customization.CustomActionsSchema">
    <group value="SearchEverywhere" is_action="true" action_type="-1" position="2">
      <path value="root" />
      <path value="Main Toolbar" />
      <path value="Right" />
      <option name="myInitialPosition" value="-1" />
    </group>
    <group value="main.toolbar.git.Branches" is_action="true" action_type="-1" position="0">
      <path value="root" />
      <path value="Main Toolbar" />
      <path value="Left" />
      <path value="VCS Group" />
      <option name="myInitialPosition" value="-1" />
    </group>
    <group value="Compare.SameVersion" is_action="true" action_type="1" position="0">
      <path value="root" />
      <path value="Main Toolbar" />
      <path value="Left" />
      <path value="VCS Group" />
      <option name="myInitialPosition" value="-1" />
    </group>
  </component>
</application>